metric,value
Alpha,0.0011627528286731474
Beta,-0.017391171743071674
R_Squared,0.00013456215601103706
Tracking_Error,0.23312357538323944
